imd,qale,pop
1,63.19885892,10903581
2,67.67622058,10803295
3,69.99007964,10700828
4,73.18449964,10586513
5,75.07027193,10499512