imd,qale,pop
1,63.19885892,10698746
2,67.67622058,10698746
3,69.99007964,10698746
4,73.18449964,10698746
5,75.07027193,10698746